<?xml version="1.0" encoding="UTF-8"?>
<project-private xmlns="http://www.netbeans.org/ns/project-private/1">
    <editor-bookmarks xmlns="http://www.netbeans.org/ns/editor-bookmarks/2" lastBookmarkId="0"/>
    <open-files xmlns="http://www.netbeans.org/ns/projectui-open-files/2">
        <group>
            <file>file:/C:/Users/khale/OneDrive/Documentos/NetBeansProjects/NutriKidsProject/src/conexion/ConexionBD.java</file>
            <file>file:/C:/Users/khale/OneDrive/Documentos/NetBeansProjects/NutriKidsProject/src/modelo/Guia.java</file>
            <file>file:/C:/Users/khale/OneDrive/Documentos/NetBeansProjects/NutriKidsProject/src/modelo/Nino.java</file>
            <file>file:/C:/Users/khale/OneDrive/Documentos/NetBeansProjects/NutriKidsProject/src/modelo/NinoDAO.java</file>
            <file>file:/C:/Users/khale/OneDrive/Documentos/NetBeansProjects/NutriKidsProject/src/modelo/Usuario.java</file>
            <file>file:/C:/Users/khale/OneDrive/Documentos/NetBeansProjects/NutriKidsProject/src/modelo/UsuarioDAO.java</file>
            <file>file:/C:/Users/khale/OneDrive/Documentos/NetBeansProjects/NutriKidsProject/src/vista/GuiaAlimentacionForm.java</file>
            <file>file:/C:/Users/khale/OneDrive/Documentos/NetBeansProjects/NutriKidsProject/src/vista/RegistroForm.java</file>
            <file>file:/C:/Users/khale/OneDrive/Documentos/NetBeansProjects/NutriKidsProject/src/vista/RegistroNinoForm.java</file>
            <file>file:/C:/Users/khale/OneDrive/Documentos/NetBeansProjects/NutriKidsProject/src/Main.java</file>
            <file>file:/C:/Users/khale/OneDrive/Documentos/NetBeansProjects/NutriKidsProject/src/TestConexion.java</file>
            <file>file:/C:/Users/khale/OneDrive/Documentos/NetBeansProjects/NutriKidsProject/src/vista/Login.java</file>
            <file>file:/C:/Users/khale/OneDrive/Documentos/NetBeansProjects/NutriKidsProject/src/vista/MenuPrincipal.java</file>
            <file>file:/C:/Users/khale/OneDrive/Documentos/NetBeansProjects/NutriKidsProject/src/modelo/Consejo.java</file>
            <file>file:/C:/Users/khale/OneDrive/Documentos/NetBeansProjects/NutriKidsProject/src/modelo/ConsejosManager.java</file>
            <file>file:/C:/Users/khale/OneDrive/Documentos/NetBeansProjects/NutriKidsProject/src/modelo/ConsejosFavoritosManager.java</file>
            <file>file:/C:/Users/khale/OneDrive/Documentos/NetBeansProjects/NutriKidsProject/src/vista/ConsejosUI.java</file>
            <file>file:/C:/Users/khale/OneDrive/Documentos/NetBeansProjects/NutriKidsProject/src/vista/FavoritosUI.java</file>
        </group>
    </open-files>
</project-private>
